Sensor Sample rate (Hz):,100.0,,
,,,
Sample No.,Timestamp (us),Sensor Voltage from Potentiometer (V),Capacitive Sensor Reading (pF)
1,0,0.6090820312499999,51.162668228149414
2,10004,0.6098876953125,51.1690788269043
3,20004,0.6082763671875,51.165992736816406
4,30001,0.6098876953125,51.1640625
5,40001,0.607470703125,51.16188430786133
6,50001,0.6082763671875,51.1693058013916
7,60001,0.607470703125,51.15835952758789
8,70001,0.607470703125,51.16410827636719
9,80001,0.6082763671875,51.16195106506348
10,90001,0.6082763671875,51.167762756347656
11,100001,0.6098876953125,51.16307067871094
12,110001,0.6082763671875,51.157880783081055
13,120001,0.6082763671875,51.1550407409668
14,130001,0.605859375,51.161855697631836
15,140001,0.6066650390625,51.16259765625
16,150001,0.6082763671875,51.16731643676758
17,160001,0.607470703125,51.161489486694336
18,170001,0.6082763671875,51.15999412536621
19,180001,0.6090820312499999,51.1661434173584
20,190001,0.6066650390625,51.17108726501465
21,200001,0.607470703125,51.165794372558594
22,210001,0.6082763671875,51.17216682434082
23,220001,0.607470703125,51.16169738769531
24,230001,0.607470703125,51.16641807556152
25,240001,0.6066650390625,51.15986442565918
26,250001,0.6082763671875,51.160274505615234
27,260001,0.6082763671875,51.15476989746094
28,270001,0.6082763671875,51.16369438171387
29,280001,0.6082763671875,51.15504837036133
30,290001,0.6082763671875,51.16067695617676
31,300001,0.607470703125,51.16249656677246
32,310001,0.607470703125,51.16406059265137
33,320001,0.6082763671875,51.16094398498535
34,330001,0.6082763671875,51.16180229187012
35,340001,0.6066650390625,51.16594696044922
36,350001,0.6082763671875,51.16351127624512
37,360001,0.6090820312499999,51.16036605834961
38,370001,0.607470703125,51.16008949279785
39,380001,0.607470703125,51.15791702270508
40,390001,0.6082763671875,51.158803939819336
41,400001,0.6082763671875,51.16620063781738
42,410001,0.6098876953125,51.16879081726074
43,420001,0.6082763671875,51.16263771057129
44,430001,0.6082763671875,51.16206741333008
45,440001,0.6082763671875,51.164926528930664
46,450001,0.6082763671875,51.16814422607422
47,460001,0.6082763671875,51.16396713256836
48,470001,0.607470703125,51.16613960266113
49,480001,0.607470703125,51.168216705322266
50,490001,0.607470703125,51.16721725463867
51,500001,0.6082763671875,51.17137908935547
52,510001,0.6082763671875,51.15996551513672
53,520001,0.6082763671875,51.17022705078125
54,530001,0.607470703125,51.170026779174805
55,540001,0.6082763671875,51.16416549682617
56,550001,0.6082763671875,51.171104431152344
57,560001,0.6090820312499999,51.16360282897949
58,570001,0.6082763671875,51.16132736206055
59,580001,0.6082763671875,51.16573143005371
60,590001,0.6082763671875,51.16320037841797
61,600001,0.607470703125,51.16290473937988
62,610001,0.6034423828125,51.16671371459961
63,620001,0.6082763671875,51.16080665588379
64,630001,0.6082763671875,51.160085678100586
65,640001,0.6090820312499999,51.1655387878418
66,650001,0.6082763671875,51.157691955566406
67,660001,0.6082763671875,51.15851402282715
68,670001,0.6090820312499999,51.16699981689453
69,680001,0.6082763671875,51.162912368774414
70,690001,0.607470703125,51.15903663635254
71,700001,0.607470703125,51.16287422180176
72,710001,0.6098876953125,51.164628982543945
73,720001,0.6098876953125,51.16333770751953
74,730001,0.6066650390625,51.166337966918945
75,740001,0.607470703125,51.16048622131348
76,750001,0.6082763671875,51.15730285644531
77,760001,0.607470703125,51.162845611572266
78,770001,0.6082763671875,51.16036605834961
79,780001,0.607470703125,51.160648345947266
80,790001,0.6082763671875,51.15702247619629
81,800001,0.6082763671875,51.163352966308594
82,810001,0.610693359375,51.16168212890625
83,820001,0.6082763671875,51.161672592163086
84,830001,0.6090820312499999,51.1622257232666
85,840001,0.6090820312499999,51.166059494018555
86,850001,0.6082763671875,51.16265106201172
87,860001,0.6082763671875,51.157331466674805
88,870001,0.6082763671875,51.16064453125
89,880001,0.610693359375,51.15949821472168
90,890001,0.6082763671875,51.16288757324219
91,900001,0.607470703125,51.15913391113281
92,910001,0.6082763671875,51.15838813781738
93,920001,0.6098876953125,51.16314506530762
94,930001,0.6082763671875,51.15748405456543
95,940001,0.6082763671875,51.159257888793945
96,950001,0.6082763671875,51.15571594238281
97,960001,0.6066650390625,51.15965270996094
98,970001,0.6098876953125,51.16189765930176
99,980001,0.6082763671875,51.15639877319336
100,990001,0.6098876953125,51.1597957611084
101,1000001,0.607470703125,51.16189765930176
102,1010001,0.607470703125,51.15620994567871
103,1020001,0.607470703125,51.16075325012207
104,1030001,0.6090820312499999,51.15691375732422
105,1040001,0.6082763671875,51.16017723083496
106,1050001,0.6082763671875,51.16282653808594
107,1060001,0.607470703125,51.16093063354492
108,1070001,0.607470703125,51.15357971191406
109,1080001,0.607470703125,51.15768051147461
110,1090001,0.6066650390625,51.15937042236328
111,1100001,0.6082763671875,51.156389236450195
112,1110001,0.6090820312499999,51.162601470947266
113,1120001,0.607470703125,51.1541805267334
114,1130001,0.6082763671875,51.16355895996094
115,1140001,0.6082763671875,51.16245460510254
116,1150001,0.6082763671875,51.16248321533203
117,1160001,0.605859375,51.158790588378906
118,1170001,0.607470703125,51.16184997558594
119,1180001,0.6082763671875,51.16847038269043
120,1190001,0.6098876953125,51.15864562988281
121,1200001,0.607470703125,51.1687068939209
122,1210001,0.6090820312499999,51.16213798522949
123,1220001,0.6082763671875,51.16408729553223
124,1230001,0.6090820312499999,51.16839790344238
125,1240001,0.607470703125,51.16218376159668
126,1250001,0.6066650390625,51.1659049987793
127,1260001,0.6090820312499999,51.16109085083008
128,1270001,0.6090820312499999,51.16714096069336
129,1280001,0.607470703125,51.16435623168945
130,1290001,0.607470703125,51.171104431152344
131,1300001,0.607470703125,51.16244125366211
132,1310001,0.6082763671875,51.16668510437012
133,1320001,0.6090820312499999,51.16088104248047
134,1330001,0.6098876953125,51.168907165527344
135,1340001,0.6066650390625,51.159109115600586
136,1350001,0.6090820312499999,51.16198539733887
137,1360001,0.6082763671875,51.16769027709961
138,1370001,0.6082763671875,51.161563873291016
139,1380001,0.6098876953125,51.15848731994629
140,1390001,0.6090820312499999,51.15976142883301
141,1400001,0.607470703125,51.16145706176758
142,1410001,0.6098876953125,51.15989112854004
143,1420001,0.6098876953125,51.169315338134766
144,1430001,0.6082763671875,51.161027908325195
145,1440001,0.607470703125,51.16317939758301
146,1450001,0.607470703125,51.16025352478027
147,1460001,0.6082763671875,51.16590690612793
148,1470001,0.6082763671875,51.159061431884766
149,1480001,0.6066650390625,51.167354583740234
150,1490001,0.6082763671875,51.15827941894531
151,1500001,0.607470703125,51.16875648498535
152,1510001,0.6082763671875,51.16784477233887
153,1520001,0.610693359375,51.15727233886719
154,1530001,0.6066650390625,51.16179656982422
155,1540001,0.6082763671875,51.163516998291016
156,1550001,0.6082763671875,51.17234230041504
157,1560001,0.6082763671875,51.16311264038086
158,1570001,0.605859375,51.16438102722168
159,1580001,0.607470703125,51.18198585510254
160,1590001,0.6082763671875,51.20441436767578
161,1600001,0.6082763671875,51.233625411987305
162,1610001,0.6082763671875,51.24931335449219
163,1620001,0.6082763671875,51.24598693847656
164,1630001,0.6066650390625,51.24443054199219
165,1640001,0.6090820312499999,51.23904800415039
166,1650001,0.6090820312499999,51.22686767578125
167,1660001,0.6082763671875,51.21965026855469
168,1670001,0.6066650390625,51.21272850036621
169,1680001,0.607470703125,51.198665618896484
170,1690001,0.6082763671875,51.186927795410156
171,1700001,0.6090820312499999,51.18436622619629
172,1710001,0.6082763671875,51.17456817626953
173,1720001,0.607470703125,51.17320251464844
174,1730001,0.6082763671875,51.17458152770996
175,1740001,0.6098876953125,51.1684455871582
176,1750001,0.6098876953125,51.17595863342285
177,1760001,0.6082763671875,51.174272537231445
178,1770001,0.6082763671875,51.16730880737305
179,1780001,0.6082763671875,51.17164611816406
180,1790001,0.6082763671875,51.17339324951172
181,1800001,0.6082763671875,51.17362403869629
182,1810001,0.6090820312499999,51.17288589477539
183,1820001,0.6082763671875,51.1702938079834
184,1830001,0.6082763671875,51.179847717285156
185,1840001,0.6082763671875,51.192588806152344
186,1850001,0.607470703125,51.23140907287598
187,1860001,0.6082763671875,51.266313552856445
188,1870001,0.6098876953125,51.291181564331055
189,1880001,0.6098876953125,51.31321907043457
190,1890001,0.6082763671875,51.32486343383789
191,1900001,0.6098876953125,51.337242126464844
192,1910001,0.6082763671875,51.34895133972168
193,1920001,0.6082763671875,51.350873947143555
194,1930001,0.6082763671875,51.357378005981445
195,1940001,0.6082763671875,51.3664436340332
196,1950001,0.6082763671875,51.37445259094238
197,1960001,0.6090820312499999,51.369319915771484
198,1970001,0.607470703125,51.38388442993164
199,1980001,0.6098876953125,51.381507873535156
200,1990001,0.6082763671875,51.384077072143555
201,2000001,0.605859375,51.38256645202637
202,2010001,0.607470703125,51.3945198059082
203,2020001,0.607470703125,51.40466117858887
204,2030001,0.6098876953125,51.410470962524414
205,2040001,0.6082763671875,51.420454025268555
206,2050001,0.6082763671875,51.44146728515625
207,2060001,0.6090820312499999,51.4488639831543
208,2070001,0.6090820312499999,51.46702194213867
209,2080001,0.607470703125,51.48691940307617
210,2090001,0.6082763671875,51.50798988342285
211,2100001,0.607470703125,51.524770736694336
212,2110001,0.607470703125,51.54941940307617
213,2120001,0.6066650390625,51.57241439819336
214,2130001,0.6034423828125,51.60752868652344
215,2140001,0.6082763671875,51.627389907836914
216,2150001,0.6082763671875,51.64980125427246
217,2160001,0.6082763671875,51.68395233154297
218,2170001,0.607470703125,51.7161922454834
219,2180001,0.607470703125,51.769670486450195
220,2190001,0.6082763671875,51.818119049072266
221,2200001,0.607470703125,51.86709976196289
222,2210001,0.607470703125,51.92208290100098
223,2220001,0.6098876953125,51.96595001220703
224,2230001,0.607470703125,52.013994216918945
225,2240001,0.607470703125,52.06493377685547
226,2250001,0.6114990234375,52.116384506225586
227,2260001,0.6082763671875,52.14894676208496
228,2270001,0.6090820312499999,52.189287185668945
229,2280001,0.607470703125,52.232810974121094
230,2290001,0.6082763671875,52.262163162231445
231,2300001,0.607470703125,52.29369926452637
232,2310001,0.6082763671875,52.318288803100586
233,2320001,0.6082763671875,52.344329833984375
234,2330001,0.6082763671875,52.36805725097656
235,2340001,0.6082763671875,52.40088081359863
236,2350001,0.6082763671875,52.424652099609375
237,2360001,0.607470703125,52.45490837097168
238,2370001,0.6082763671875,52.48208427429199
239,2380001,0.6082763671875,52.51569938659668
240,2390001,0.6082763671875,52.558454513549805
241,2400001,0.607470703125,52.580474853515625
242,2410001,0.607470703125,52.60844802856445
243,2420001,0.607470703125,52.63064384460449
244,2430001,0.607470703125,52.64108085632324
245,2440001,0.6066650390625,52.66428565979004
246,2450001,0.6082763671875,52.677791595458984
247,2460001,0.607470703125,52.69180107116699
248,2470001,0.6082763671875,52.70659255981445
249,2480001,0.6082763671875,52.74109649658203
250,2490001,0.6066650390625,52.754005432128906
251,2500001,0.6082763671875,52.77886962890625
252,2510001,0.6082763671875,52.80205154418945
253,2520001,0.6082763671875,52.82795524597168
254,2530001,0.6066650390625,52.86319351196289
255,2540001,0.607470703125,52.886932373046875
256,2550001,0.6082763671875,52.908456802368164
257,2560001,0.6082763671875,52.922157287597656
258,2570001,0.607470703125,52.93799591064453
259,2580001,0.6082763671875,52.959571838378906
260,2590001,0.607470703125,52.9788932800293
261,2600001,0.6082763671875,53.00375747680664
262,2610001,0.6082763671875,53.016584396362305
263,2620001,0.607470703125,53.05022048950195
264,2630001,0.6082763671875,53.06151580810547
265,2640001,0.6090820312499999,53.084367752075195
266,2650001,0.607470703125,53.10491180419922
267,2660001,0.6082763671875,53.129180908203125
268,2670001,0.607470703125,53.14348793029785
269,2680001,0.607470703125,53.153480529785156
270,2690001,0.6066650390625,53.17850303649902
271,2700001,0.607470703125,53.19565010070801
272,2710001,0.6082763671875,53.20091247558594
273,2720001,0.6082763671875,53.21536445617676
274,2730001,0.6098876953125,53.214881896972656
275,2740001,0.6082763671875,53.22505760192871
276,2750001,0.6098876953125,53.240535736083984
277,2760001,0.6090820312499999,53.2632942199707
278,2770001,0.605859375,53.278282165527344
279,2780001,0.6090820312499999,53.297929763793945
280,2790001,0.6090820312499999,53.30557060241699
281,2800001,0.6090820312499999,53.312583923339844
282,2810001,0.6098876953125,53.32188415527344
283,2820001,0.6090820312499999,53.327064514160156
284,2830001,0.6066650390625,53.33955383300781
285,2840001,0.6082763671875,53.35330009460449
286,2850001,0.6082763671875,53.35382843017578
287,2860001,0.6098876953125,53.36223220825195
288,2870001,0.6082763671875,53.3781623840332
289,2880001,0.610693359375,53.38663864135742
290,2890001,0.607470703125,53.394622802734375
291,2900001,0.6066650390625,53.39073371887207
292,2910001,0.6066650390625,53.406240463256836
293,2920001,0.6098876953125,53.410844802856445
294,2930001,0.6066650390625,53.41294288635254
295,2940001,0.607470703125,53.42194747924805
296,2950001,0.6066650390625,53.432058334350586
297,2960001,0.6066650390625,53.43440818786621
298,2970001,0.607470703125,53.45327949523926
299,2980001,0.6082763671875,53.46234893798828
300,2990001,0.6066650390625,53.4731330871582
301,3000001,0.6082763671875,53.484336853027344
302,3010001,0.6082763671875,53.49991226196289
303,3020001,0.6082763671875,53.506717681884766
304,3030001,0.610693359375,53.51533508300781
305,3040001,0.6082763671875,53.518728256225586
306,3050001,0.6066650390625,53.51825714111328
307,3060001,0.6082763671875,53.52985954284668
308,3070001,0.6082763671875,53.5240364074707
309,3080001,0.6082763671875,53.54065704345703
310,3090001,0.6082763671875,53.54732131958008
311,3100001,0.6066650390625,53.55007362365723
312,3110001,0.6066650390625,53.56240272521973
313,3120001,0.607470703125,53.56906700134277
314,3130001,0.6090820312499999,53.57735633850098
315,3140001,0.607470703125,53.5798397064209
316,3150001,0.607470703125,53.57257652282715
317,3160001,0.6082763671875,53.577627182006836
318,3170001,0.6082763671875,53.58768653869629
319,3180001,0.6082763671875,53.58261680603027
320,3190001,0.6098876953125,53.5873966217041
321,3200001,0.6082763671875,53.59018516540527
322,3210001,0.607470703125,53.596656799316406
323,3220001,0.6082763671875,53.598859786987305
324,3230001,0.6082763671875,53.61049461364746
325,3240001,0.6082763671875,53.60799217224121
326,3250001,0.6066650390625,53.615989685058594
327,3260001,0.6066650390625,53.60746765136719
328,3270001,0.6082763671875,53.60146903991699
329,3280001,0.6090820312499999,53.61591911315918
330,3290001,0.607470703125,53.61845016479492
331,3300001,0.605859375,53.6307430267334
332,3310001,0.6082763671875,53.6273250579834
333,3320001,0.6090820312499999,53.63303184509277
334,3330001,0.6131103515624999,53.637563705444336
335,3340001,0.6082763671875,53.64206504821777
336,3350001,0.607470703125,53.635963439941406
337,3360001,0.6082763671875,53.643571853637695
338,3370001,0.607470703125,53.64650535583496
339,3380001,0.607470703125,53.661054611206055
340,3390001,0.607470703125,53.66343307495117
341,3400001,0.613916015625,53.67974090576172
342,3410001,0.6066650390625,53.681528091430664
343,3420001,0.607470703125,53.69559669494629
344,3430001,0.6082763671875,53.707435607910156
345,3440001,0.6082763671875,53.70884323120117
346,3450001,0.6090820312499999,53.71826171875
347,3460001,0.607470703125,53.72854423522949
348,3470001,0.607470703125,53.7342643737793
349,3480001,0.607470703125,53.73152160644531
350,3490001,0.6082763671875,53.73610305786133
351,3500001,0.6082763671875,53.72361183166504
352,3510001,0.6082763671875,53.72698402404785
353,3520001,0.6082763671875,53.731191635131836
354,3530001,0.607470703125,53.739200592041016
355,3540001,0.6082763671875,53.73130989074707
356,3550001,0.607470703125,53.72811508178711
357,3560001,0.6082763671875,53.72503471374512
358,3570001,0.6082763671875,53.73500442504883
359,3580001,0.6098876953125,53.73736000061035
360,3590001,0.607470703125,53.73611259460449
361,3600001,0.607470703125,53.73673629760742
362,3610001,0.607470703125,53.75402069091797
363,3620001,0.6082763671875,53.75012397766113
364,3630001,0.607470703125,53.75310516357422
365,3640001,0.607470703125,53.75203514099121
366,3650001,0.6082763671875,53.749128341674805
367,3660001,0.6082763671875,53.74591636657715
368,3670001,0.607470703125,53.756591796875
369,3680001,0.6082763671875,53.75682067871094
370,3690001,0.607470703125,53.76104164123535
371,3700001,0.6082763671875,53.75718879699707
372,3710001,0.6066650390625,53.75807571411133
373,3720001,0.6082763671875,53.76120567321777
374,3730001,0.6090820312499999,53.75240135192871
375,3740001,0.6082763671875,53.75217247009277
376,3750001,0.605859375,53.757463455200195
377,3760001,0.6066650390625,53.75985336303711
378,3770001,0.6082763671875,53.76806449890137
379,3780001,0.6090820312499999,53.766462326049805
380,3790001,0.607470703125,53.77480888366699
381,3800001,0.607470703125,53.77817726135254
382,3810001,0.6090820312499999,53.77560043334961
383,3820001,0.607470703125,53.768775939941406
384,3830001,0.6082763671875,53.77470588684082
385,3840001,0.607470703125,53.775442123413086
386,3850001,0.6082763671875,53.777835845947266
387,3860001,0.6082763671875,53.77656555175781
388,3870001,0.6066650390625,53.77516174316406
389,3880001,0.6082763671875,53.7719612121582
390,3890001,0.605859375,53.77117919921875
391,3900001,0.6082763671875,53.76188850402832
392,3910001,0.6082763671875,53.762990951538086
393,3920001,0.607470703125,53.75126838684082
394,3930001,0.607470703125,53.740074157714844
395,3940001,0.6066650390625,53.70775604248047
396,3950001,0.6082763671875,53.694955825805664
397,3960001,0.607470703125,53.67146682739258
398,3970001,0.6050537109374999,53.657636642456055
399,3980001,0.6114990234375,53.636207580566406
400,3990001,0.6066650390625,53.632789611816406
401,4000001,0.6082763671875,53.61872482299805
402,4010001,0.6082763671875,53.58988952636719
403,4020001,0.6066650390625,53.56511688232422
404,4030001,0.607470703125,53.52312469482422
405,4040001,0.6066650390625,53.49100875854492
406,4050001,0.6066650390625,53.46721839904785
407,4060001,0.6090820312499999,53.44811248779297
408,4070001,0.607470703125,53.41677474975586
409,4080001,0.6082763671875,53.39276123046875
410,4090001,0.6082763671875,53.37031936645508
411,4100001,0.6082763671875,53.34035873413086
412,4110001,0.6066650390625,53.30050277709961
413,4120001,0.6082763671875,53.258249282836914
414,4130001,0.607470703125,53.215301513671875
415,4140001,0.607470703125,53.174644470214844
416,4150001,0.6082763671875,53.14972686767578
417,4160001,0.6082763671875,53.10429382324219
418,4170001,0.607470703125,53.0631103515625
419,4180001,0.6082763671875,53.02289390563965
420,4190001,0.6090820312499999,52.97199630737305
421,4200001,0.6082763671875,52.918731689453125
422,4210001,0.607470703125,52.86782646179199
423,4220001,0.6082763671875,52.82971954345703
424,4230001,0.607470703125,52.78084182739258
425,4240001,0.6066650390625,52.72715950012207
426,4250001,0.6082763671875,52.67731285095215
427,4260001,0.6066650390625,52.62040901184082
428,4270001,0.607470703125,52.56358337402344
429,4280001,0.607470703125,52.506704330444336
430,4290001,0.6066650390625,52.455039978027344
431,4300001,0.6082763671875,52.39449501037598
432,4310001,0.6066650390625,52.35269355773926
433,4320001,0.607470703125,52.305978775024414
434,4330001,0.6098876953125,52.2720947265625
435,4340001,0.6090820312499999,52.24410438537598
436,4350001,0.6082763671875,52.20512580871582
437,4360001,0.6090820312499999,52.18830108642578
438,4370001,0.6098876953125,52.16355323791504
439,4380001,0.6082763671875,52.146127700805664
440,4390001,0.607470703125,52.13313865661621
441,4400001,0.6098876953125,52.11630058288574
442,4410001,0.607470703125,52.0964298248291
443,4420001,0.6082763671875,52.08309555053711
444,4430001,0.607470703125,52.05917167663574
445,4440001,0.6090820312499999,52.05231285095215
446,4450001,0.6082763671875,52.04706001281738
447,4460001,0.6090820312499999,52.0332145690918
448,4470001,0.607470703125,52.021589279174805
449,4480001,0.6082763671875,52.0087890625
450,4490001,0.6082763671875,51.99692344665527
451,4500001,0.6082763671875,51.98295021057129
452,4510001,0.607470703125,51.97938537597656
453,4520001,0.607470703125,51.97450828552246
454,4530001,0.6090820312499999,51.96180725097656
455,4540001,0.6090820312499999,51.948097229003906
456,4550001,0.6082763671875,51.93935012817383
457,4560001,0.605859375,51.93355941772461
458,4570001,0.607470703125,51.935001373291016
459,4580001,0.6066650390625,51.92356872558594
460,4590001,0.6090820312499999,51.907100677490234
461,4600001,0.607470703125,51.89778137207031
462,4610001,0.607470703125,51.89365577697754
463,4620001,0.6082763671875,51.890092849731445
464,4630001,0.6082763671875,51.88785362243652
465,4640001,0.6082763671875,51.88132095336914
466,4650001,0.6098876953125,51.86435508728027
467,4660001,0.607470703125,51.85820198059082
468,4670001,0.607470703125,51.857866287231445
469,4680001,0.607470703125,51.851030349731445
470,4690001,0.6098876953125,51.842512130737305
471,4700001,0.6090820312499999,51.845664978027344
472,4710001,0.6082763671875,51.83387565612793
473,4720001,0.607470703125,51.81913185119629
474,4730001,0.6082763671875,51.82536315917969
475,4740001,0.6082763671875,51.81389045715332
476,4750001,0.6082763671875,51.80979919433594
477,4760001,0.6082763671875,51.8090877532959
478,4770001,0.607470703125,51.798038482666016
479,4780001,0.6082763671875,51.794925689697266
480,4790001,0.6066650390625,51.786441802978516
481,4800001,0.607470703125,51.78755187988281
482,4810001,0.607470703125,51.78525161743164
483,4820001,0.6090820312499999,51.775428771972656
484,4830001,0.6082763671875,51.77262496948242
485,4840001,0.607470703125,51.76889610290527
486,4850001,0.607470703125,51.77000617980957
487,4860001,0.6082763671875,51.76375961303711
488,4870001,0.6066650390625,51.755496978759766
489,4880001,0.6066650390625,51.74925231933594
490,4890001,0.6066650390625,51.75038146972656
491,4900001,0.6082763671875,51.74501037597656
492,4910001,0.6066650390625,51.745710372924805
493,4920001,0.607470703125,51.73616981506348
494,4930001,0.607470703125,51.727664947509766
495,4940001,0.6082763671875,51.730512619018555
496,4950001,0.6066650390625,51.72425079345703
497,4960001,0.6082763671875,51.714942932128906
498,4970001,0.607470703125,51.72311592102051
499,4980001,0.6098876953125,51.72274398803711
500,4990001,0.6098876953125,51.71342086791992
501,5000001,0.607470703125,51.71064376831055
502,5010001,0.6066650390625,51.701005935668945
503,5020001,0.6082763671875,51.70077323913574
504,5030001,0.6090820312499999,51.693660736083984
505,5040001,0.607470703125,51.70394515991211
506,5050001,0.6082763671875,51.69511604309082
507,5060001,0.607470703125,51.69084930419922
508,5070001,0.607470703125,51.68486022949219
509,5080001,0.6066650390625,51.68168830871582
510,5090001,0.6082763671875,51.6834774017334
511,5100001,0.6082763671875,51.686676025390625
512,5110001,0.607470703125,51.681175231933594
513,5120001,0.6082763671875,51.67740440368652
514,5130001,0.605859375,51.68989562988281
515,5140001,0.607470703125,51.67815017700195
516,5150001,0.6098876953125,51.67557716369629
517,5160001,0.6082763671875,51.67158508300781
518,5170001,0.6066650390625,51.65794372558594
519,5180001,0.6082763671875,51.66206169128418
520,5190001,0.6082763671875,51.654645919799805
521,5200001,0.6066650390625,51.65933036804199
522,5210001,0.607470703125,51.65531349182129
523,5220001,0.607470703125,51.65608215332031
524,5230001,0.6066650390625,51.647396087646484
525,5240001,0.6082763671875,51.6489143371582
526,5250001,0.605859375,51.64310264587402
527,5260001,0.6082763671875,51.64188003540039
528,5270001,0.607470703125,51.64337158203125
529,5280001,0.607470703125,51.64364051818848
530,5290001,0.6066650390625,51.6315975189209
531,5300001,0.607470703125,51.62765693664551
532,5310001,0.607470703125,51.620134353637695
533,5320001,0.607470703125,51.62798881530762
534,5330001,0.6066650390625,51.630828857421875
535,5340001,0.6082763671875,51.627079010009766
536,5350001,0.6082763671875,51.61593818664551
537,5360001,0.6090820312499999,51.625471115112305
538,5370001,0.6066650390625,51.615474700927734
539,5380001,0.607470703125,51.62956237792969
540,5390001,0.607470703125,51.63553237915039
541,5400001,0.607470703125,51.665367126464844
542,5410001,0.6082763671875,51.753501892089844
543,5420001,0.607470703125,51.82099151611328
544,5430001,0.607470703125,51.8566837310791
545,5440001,0.607470703125,51.86164855957031
546,5450001,0.6090820312499999,51.85362434387207
547,5460001,0.6082763671875,51.85915184020996
548,5470001,0.607470703125,51.86680793762207
549,5480001,0.6090820312499999,51.88878631591797
550,5490001,0.6082763671875,51.93046569824219
551,5500001,0.6066650390625,51.97009086608887
552,5510001,0.607470703125,52.01438331604004
553,5520001,0.607470703125,52.05934715270996
554,5530001,0.6082763671875,52.09842300415039
555,5540001,0.6082763671875,52.1278190612793
556,5550001,0.6090820312499999,52.14111137390137
557,5560001,0.6066650390625,52.169559478759766
558,5570001,0.6066650390625,52.20467567443848
559,5580001,0.607470703125,52.26265335083008
560,5590001,0.6098876953125,52.28600311279297
561,5600001,0.6082763671875,52.33821487426758
562,5610001,0.607470703125,52.37057113647461
563,5620001,0.6082763671875,52.418033599853516
564,5630001,0.6066650390625,52.462440490722656
565,5640001,0.6082763671875,52.50961875915527
566,5650001,0.607470703125,52.54521179199219
567,5660001,0.607470703125,52.585758209228516
568,5670001,0.607470703125,52.61121368408203
569,5680001,0.607470703125,52.6524772644043
570,5690001,0.605859375,52.68486785888672
571,5700001,0.6082763671875,52.722251892089844
572,5710001,0.6082763671875,52.7479190826416
573,5720001,0.607470703125,52.79613494873047
574,5730001,0.6082763671875,52.83339309692383
575,5740001,0.6082763671875,52.86982727050781
576,5750001,0.6082763671875,52.91090202331543
577,5760001,0.6082763671875,52.9406795501709
578,5770001,0.6066650390625,52.97823524475098
579,5780001,0.607470703125,53.012603759765625
580,5790001,0.6082763671875,53.03069877624512
581,5800001,0.607470703125,53.05936813354492
582,5810001,0.6082763671875,53.09712219238281
583,5820001,0.6082763671875,53.13194465637207
584,5830001,0.6082763671875,53.15675354003906
585,5840001,0.607470703125,53.18442726135254
586,5850001,0.6066650390625,53.2088623046875
587,5860001,0.6082763671875,53.23127746582031
588,5870001,0.607470703125,53.26069641113281
589,5880001,0.6066650390625,53.27836608886719
590,5890001,0.6082763671875,53.30029106140137
591,5900001,0.6082763671875,53.32160758972168
592,5910001,0.6082763671875,53.35490608215332
593,5920001,0.6090820312499999,53.38511085510254
594,5930001,0.6090820312499999,53.41482353210449
595,5940001,0.607470703125,53.43163299560547
596,5950001,0.607470703125,53.458003997802734
597,5960001,0.6090820312499999,53.47109413146973
598,5970001,0.6082763671875,53.48798370361328
599,5980001,0.607470703125,53.49859428405762
600,5990001,0.607470703125,53.509117126464844
601,6000001,0.607470703125,53.5217170715332
602,6010001,0.607470703125,53.548532485961914
603,6020001,0.607470703125,53.56414222717285
604,6030001,0.6066650390625,53.584781646728516
605,6040001,0.6066650390625,53.59867286682129
606,6050001,0.6082763671875,53.62313652038574
607,6060001,0.6090820312499999,53.64390563964844
608,6070001,0.6082763671875,53.657657623291016
609,6080001,0.6082763671875,53.67005920410156
610,6090001,0.6066650390625,53.694576263427734
611,6100001,0.6066650390625,53.6995849609375
612,6110001,0.6082763671875,53.714223861694336
613,6120001,0.6098876953125,53.72255516052246
614,6130001,0.6090820312499999,53.74245262145996
615,6140001,0.6082763671875,53.75610542297363
616,6150001,0.607470703125,53.77175331115723
617,6160001,0.6082763671875,53.78240203857422
618,6170001,0.605859375,53.79921531677246
619,6180001,0.607470703125,53.82534408569336
620,6190001,0.6066650390625,53.839067459106445
621,6200001,0.6082763671875,53.849754333496094
622,6210001,0.607470703125,53.864593505859375
623,6220001,0.6082763671875,53.879188537597656
624,6230001,0.6098876953125,53.89665603637695
625,6240001,0.607470703125,53.89945602416992
626,6250001,0.6090820312499999,53.9058952331543
627,6260001,0.6082763671875,53.91639518737793
628,6270001,0.607470703125,53.92561912536621
629,6280001,0.6082763671875,53.928449630737305
630,6290001,0.607470703125,53.93242835998535
631,6300001,0.607470703125,53.93930435180664
632,6310001,0.6066650390625,53.93301963806152
633,6320001,0.6098876953125,53.926137924194336
634,6330001,0.6082763671875,53.93527603149414
635,6340001,0.6090820312499999,53.9354190826416
636,6350001,0.6082763671875,53.94515037536621
637,6360001,0.607470703125,53.952392578125
638,6370001,0.607470703125,53.954965591430664
639,6380001,0.605859375,53.97403144836426
640,6390001,0.6082763671875,53.98197364807129
641,6400001,0.607470703125,53.99174690246582
642,6410001,0.6098876953125,53.998390197753906
643,6420001,0.6082763671875,54.00819778442383
644,6430001,0.607470703125,54.021738052368164
645,6440001,0.6082763671875,54.023542404174805
646,6450001,0.607470703125,54.022592544555664
647,6460001,0.607470703125,54.03523826599121
648,6470001,0.6082763671875,54.04115104675293
649,6480001,0.607470703125,54.04149627685547
650,6490001,0.607470703125,54.03858184814453
651,6500001,0.6082763671875,54.047353744506836
652,6510001,0.607470703125,54.06298828125
653,6520001,0.6098876953125,54.07064247131348
654,6530001,0.6082763671875,54.08795166015625
655,6540001,0.6082763671875,54.087406158447266
656,6550001,0.6082763671875,54.10599708557129
657,6560001,0.6082763671875,54.131513595581055
658,6570001,0.6082763671875,54.14355659484863
659,6580001,0.6082763671875,54.144826889038086
660,6590001,0.607470703125,54.16406059265137
661,6600001,0.6066650390625,54.17914390563965
662,6610001,0.6082763671875,54.18856430053711
663,6620001,0.6082763671875,54.200355529785156
664,6630001,0.6082763671875,54.20631790161133
665,6640001,0.6082763671875,54.214088439941406
666,6650001,0.607470703125,54.22527313232422
667,6660001,0.6090820312499999,54.24455642700195
668,6670001,0.607470703125,54.24527168273926
669,6680001,0.6090820312499999,54.272308349609375
670,6690001,0.607470703125,54.28682518005371
671,6700001,0.6066650390625,54.2907657623291
672,6710001,0.6090820312499999,54.29446983337402
673,6720001,0.605859375,54.310659408569336
674,6730001,0.6090820312499999,54.32582092285156
675,6740001,0.6066650390625,54.32708168029785
676,6750001,0.607470703125,54.332651138305664
677,6760001,0.6090820312499999,54.346961975097656
678,6770001,0.6082763671875,54.359832763671875
679,6780001,0.6090820312499999,54.38119125366211
680,6790001,0.6082763671875,54.37791633605957
681,6800001,0.607470703125,54.39767074584961
682,6810001,0.607470703125,54.410987854003906
683,6820001,0.6082763671875,54.418352127075195
684,6830001,0.6098876953125,54.414588928222656
685,6840001,0.6082763671875,54.431060791015625
686,6850001,0.605859375,54.42673873901367
687,6860001,0.6082763671875,54.42424201965332
688,6870001,0.6066650390625,54.43237113952637
689,6880001,0.6066650390625,54.44042205810547
690,6890001,0.6082763671875,54.463788986206055
691,6900001,0.6066650390625,54.45535469055176
692,6910001,0.6066650390625,54.471073150634766
693,6920001,0.607470703125,54.492164611816406
694,6930001,0.607470703125,54.49912452697754
695,6940001,0.607470703125,54.501630783081055
696,6950001,0.6082763671875,54.49413299560547
697,6960001,0.6098876953125,54.492685317993164
698,6970001,0.6066650390625,54.49487495422363
699,6980001,0.6066650390625,54.48916435241699
700,6990001,0.607470703125,54.49155235290527
701,7000001,0.607470703125,54.49505424499512
702,7010001,0.607470703125,54.5045280456543
703,7020001,0.607470703125,54.50074768066406
704,7030001,0.6082763671875,54.503366470336914
705,7040001,0.607470703125,54.50584411621094
706,7050001,0.6082763671875,54.51443099975586
707,7060001,0.607470703125,54.5151252746582
708,7070001,0.607470703125,54.496551513671875
709,7080001,0.6098876953125,54.48380661010742
710,7090001,0.6090820312499999,54.47904396057129
711,7100001,0.6090820312499999,54.48501014709473
712,7110001,0.6082763671875,54.49051284790039
713,7120001,0.607470703125,54.516624450683594
714,7130001,0.607470703125,54.53847122192383
715,7140001,0.6082763671875,54.55485153198242
716,7150001,0.6082763671875,54.54062271118164
717,7160001,0.607470703125,54.53214454650879
718,7170001,0.6082763671875,54.50793266296387
719,7180001,0.607470703125,54.496294021606445
720,7190001,0.6082763671875,54.48666191101074
721,7200001,0.6090820312499999,54.50424385070801
722,7210001,0.607470703125,54.51652908325195
723,7220001,0.607470703125,54.53317642211914
724,7230001,0.6098876953125,54.55928421020508
725,7240001,0.6082763671875,54.556291580200195
726,7250001,0.6066650390625,54.53341293334961
727,7260001,0.6082763671875,54.53036689758301
728,7270001,0.6082763671875,54.49993705749512
729,7280001,0.607470703125,54.48967170715332
730,7290001,0.6082763671875,54.49310493469238
731,7300001,0.6090820312499999,54.50867462158203
732,7310001,0.6066650390625,54.52749824523926
733,7320001,0.6082763671875,54.537322998046875
734,7330001,0.6082763671875,54.563737869262695
735,7340001,0.6082763671875,54.55934715270996
736,7350001,0.6066650390625,54.5450439453125
737,7360001,0.607470703125,54.52687454223633
738,7370001,0.6082763671875,54.514888763427734
739,7380001,0.607470703125,54.51570129394531
740,7390001,0.6082763671875,54.53060722351074
741,7400001,0.6082763671875,54.53218460083008
742,7410001,0.607470703125,54.54993438720703
743,7420001,0.6082763671875,54.56619834899902
744,7430001,0.6082763671875,54.56472969055176
745,7440001,0.6082763671875,54.55173301696777
746,7450001,0.6082763671875,54.54091835021973
747,7460001,0.6090820312499999,54.51115036010742
748,7470001,0.6098876953125,54.506893157958984
749,7480001,0.6098876953125,54.51512908935547
750,7490001,0.6082763671875,54.5259952545166
751,7500001,0.6082763671875,54.543561935424805
752,7510001,0.607470703125,54.575090408325195
753,7520001,0.607470703125,54.58560562133789
754,7530001,0.6082763671875,54.5732421875
755,7540001,0.607470703125,54.56413459777832
756,7550001,0.607470703125,54.54270362854004
757,7560001,0.6082763671875,54.522361755371094
758,7570001,0.6090820312499999,54.525001525878906
759,7580001,0.6082763671875,54.552894592285156
760,7590001,0.607470703125,54.56498336791992
761,7600001,0.6082763671875,54.578399658203125
762,7610001,0.605859375,54.596364974975586
763,7620001,0.6082763671875,54.57211685180664
764,7630001,0.6066650390625,54.533491134643555
765,7640001,0.6082763671875,54.484249114990234
766,7650001,0.6066650390625,54.45381736755371
767,7660001,0.607470703125,54.43128204345703
768,7670001,0.607470703125,54.46425437927246
769,7680001,0.6090820312499999,54.5214958190918
770,7690001,0.6066650390625,54.57713317871094
771,7700001,0.6066650390625,54.5953254699707
772,7710001,0.6066650390625,54.599525451660156
773,7720001,0.6082763671875,54.585947036743164
774,7730001,0.607470703125,54.54566764831543
775,7740001,0.607470703125,54.49877166748047
776,7750001,0.6066650390625,54.4818172454834
777,7760001,0.6082763671875,54.477712631225586
778,7770001,0.6082763671875,54.512067794799805
779,7780001,0.6082763671875,54.551103591918945
780,7790001,0.607470703125,54.576833724975586
781,7800001,0.6066650390625,54.589609146118164
782,7810001,0.607470703125,54.57537269592285
783,7820001,0.607470703125,54.53627586364746
784,7830001,0.607470703125,54.502946853637695
785,7840001,0.607470703125,54.479339599609375
786,7850001,0.607470703125,54.4696159362793
787,7860001,0.607470703125,54.4849796295166
788,7870001,0.6082763671875,54.529069900512695
789,7880001,0.610693359375,54.562509536743164
790,7890001,0.6090820312499999,54.573686599731445
791,7900001,0.6082763671875,54.57561111450195
792,7910001,0.6082763671875,54.57447814941406
793,7920001,0.607470703125,54.55809020996094
794,7930001,0.6082763671875,54.542659759521484
795,7940001,0.6082763671875,54.53643035888672
796,7950001,0.607470703125,54.52445030212402
797,7960001,0.607470703125,54.51635932922363
798,7970001,0.6090820312499999,54.530765533447266
799,7980001,0.607470703125,54.53563117980957
800,7990001,0.6082763671875,54.53921890258789
801,8000001,0.6090820312499999,54.54598045349121
802,8010001,0.6082763671875,54.55203819274902
803,8020001,0.6082763671875,54.54410743713379
804,8030001,0.6082763671875,54.55214881896973
805,8040001,0.6098876953125,54.54777526855469
806,8050001,0.6090820312499999,54.52396011352539
807,8060001,0.6066650390625,54.505964279174805
808,8070001,0.6090820312499999,54.49470329284668
809,8080001,0.6066650390625,54.484798431396484
810,8090001,0.6082763671875,54.48707962036133
811,8100001,0.607470703125,54.49128723144531
812,8110001,0.6082763671875,54.488922119140625
813,8120001,0.607470703125,54.480234146118164
814,8130001,0.607470703125,54.49213218688965
815,8140001,0.605859375,54.46420097351074
816,8150001,0.6082763671875,54.438636779785156
817,8160001,0.6066650390625,54.41769981384277
818,8170001,0.6066650390625,54.40718460083008
819,8180001,0.6082763671875,54.397117614746094
820,8190001,0.6090820312499999,54.38776206970215
821,8200001,0.607470703125,54.3787784576416
822,8210001,0.6082763671875,54.35851860046387
823,8220001,0.6098876953125,54.356393814086914
824,8230001,0.6082763671875,54.33657646179199
825,8240001,0.6082763671875,54.30977249145508
826,8250001,0.6066650390625,54.28435134887695
827,8260001,0.6098876953125,54.26601028442383
828,8270001,0.6114990234375,54.2307014465332
829,8280001,0.6098876953125,54.212345123291016
830,8290001,0.6082763671875,54.19403648376465
831,8300001,0.605859375,54.16789245605469
832,8310001,0.607470703125,54.15380096435547
833,8320001,0.607470703125,54.117902755737305
834,8330001,0.607470703125,54.07346534729004
835,8340001,0.6082763671875,54.01689529418945
836,8350001,0.6082763671875,53.97490882873535
837,8360001,0.6082763671875,53.91244697570801
838,8370001,0.607470703125,53.86874008178711
839,8380001,0.607470703125,53.83331489562988
840,8390001,0.6082763671875,53.790889739990234
841,8400001,0.6066650390625,53.745216369628906
842,8410001,0.607470703125,53.68578910827637
843,8420001,0.6090820312499999,53.60490417480469
844,8430001,0.607470703125,53.50350570678711
845,8440001,0.6090820312499999,53.39293670654297
846,8450001,0.6082763671875,53.27790451049805
847,8460001,0.6090820312499999,53.16444969177246
848,8470001,0.6098876953125,53.03765106201172
849,8480001,0.6098876953125,52.93597602844238
850,8490001,0.6098876953125,52.85577392578125
851,8500001,0.6082763671875,52.786373138427734
852,8510001,0.6090820312499999,52.72942924499512
853,8520001,0.6082763671875,52.69255447387695
854,8530001,0.607470703125,52.66515922546387
855,8540001,0.607470703125,52.627580642700195
856,8550001,0.6066650390625,52.60270309448242
857,8560001,0.6082763671875,52.57691955566406
858,8570001,0.6082763671875,52.54863357543945
859,8580001,0.6082763671875,52.52752685546875
860,8590001,0.6082763671875,52.50569152832031
861,8600001,0.6082763671875,52.488725662231445
862,8610001,0.607470703125,52.47263526916504
863,8620001,0.6082763671875,52.45523643493652
864,8630001,0.6082763671875,52.43724060058594
865,8640001,0.6082763671875,52.41386413574219
866,8650001,0.6082763671875,52.40064239501953
867,8660001,0.6082763671875,52.384321212768555
868,8670001,0.607470703125,52.3847541809082
869,8680001,0.6082763671875,52.35754203796387
870,8690001,0.607470703125,52.34932518005371
871,8700001,0.6082763671875,52.338077545166016
872,8710001,0.6098876953125,52.318695068359375
873,8720001,0.6082763671875,52.32428741455078
874,8730001,0.607470703125,52.30702018737793
875,8740001,0.607470703125,52.29416084289551
876,8750001,0.6082763671875,52.282209396362305
877,8760001,0.607470703125,52.271535873413086
878,8770001,0.607470703125,52.260379791259766
879,8780001,0.6082763671875,52.25078201293945
880,8790001,0.6082763671875,52.24472618103027
881,8800001,0.607470703125,52.23779296875
882,8810001,0.6090820312499999,52.22679901123047
883,8820001,0.607470703125,52.216073989868164
884,8830001,0.607470703125,52.21715545654297
885,8840001,0.6090820312499999,52.197282791137695
886,8850001,0.6090820312499999,52.18782615661621
887,8860001,0.6082763671875,52.18953895568848
888,8870001,0.607470703125,52.18169021606445
889,8880001,0.607470703125,52.165348052978516
890,8890001,0.6066650390625,52.16715431213379
891,8900001,0.607470703125,52.16127967834473
892,8910001,0.6082763671875,52.14824676513672
893,8920001,0.607470703125,52.14191436767578
894,8930001,0.6082763671875,52.14976119995117
895,8940001,0.6082763671875,52.138105392456055
896,8950001,0.6082763671875,52.12979316711426
897,8960001,0.607470703125,52.12109375
898,8970001,0.6066650390625,52.107852935791016
899,8980001,0.6090820312499999,52.113725662231445
900,8990001,0.6147216796875,52.1009464263916
901,9000001,0.6082763671875,52.09319877624512
902,9010001,0.6082763671875,52.101511001586914
903,9020001,0.6082763671875,52.08289909362793
904,9030001,0.6090820312499999,52.08100700378418
905,9040001,0.6082763671875,52.07784652709961
906,9050001,0.6082763671875,52.06977462768555
907,9060001,0.6090820312499999,52.06815528869629
908,9070001,0.607470703125,52.06709861755371
909,9080001,0.6066650390625,52.05923080444336
910,9090001,0.6066650390625,52.050432205200195
911,9100001,0.607470703125,52.05172538757324
912,9110001,0.610693359375,52.04389572143555
913,9120001,0.6090820312499999,52.04142379760742
914,9130001,0.6082763671875,52.033756256103516
915,9140001,0.607470703125,52.02874755859375
916,9150001,0.607470703125,52.036128997802734
917,9160001,0.607470703125,52.02712440490723
918,9170001,0.607470703125,52.02018928527832
919,9180001,0.6082763671875,52.04631423950195
920,9190001,0.607470703125,52.08913612365723
921,9200001,0.607470703125,52.13914108276367
922,9210001,0.6066650390625,52.18752670288086
923,9220001,0.6082763671875,52.23123359680176
924,9230001,0.607470703125,52.24334716796875
925,9240001,0.607470703125,52.25613594055176
926,9250001,0.6066650390625,52.24212646484375
927,9260001,0.6082763671875,52.23879814147949
928,9270001,0.6066650390625,52.254648208618164
929,9280001,0.6098876953125,52.2730598449707
930,9290001,0.6090820312499999,52.30171203613281
931,9300001,0.6090820312499999,52.34272766113281
932,9310001,0.6082763671875,52.37329864501953
933,9320001,0.607470703125,52.40608787536621
934,9330001,0.6066650390625,52.4202938079834
935,9340001,0.607470703125,52.44527626037598
936,9350001,0.6090820312499999,52.45665168762207
937,9360001,0.6082763671875,52.48929977416992
938,9370001,0.6082763671875,52.51925849914551
939,9380001,0.6082763671875,52.54775619506836
940,9390001,0.607470703125,52.59155464172363
941,9400001,0.6098876953125,52.63071823120117
942,9410001,0.6090820312499999,52.65689277648926
943,9420001,0.6082763671875,52.71699905395508
944,9430001,0.6090820312499999,52.74130439758301
945,9440001,0.6098876953125,52.78517150878906
946,9450001,0.6090820312499999,52.83623123168945
947,9460001,0.6082763671875,52.871538162231445
948,9470001,0.6098876953125,52.91746139526367
949,9480001,0.6098876953125,52.97211837768555
950,9490001,0.607470703125,52.98954391479492
951,9500001,0.6082763671875,53.02210807800293
952,9510001,0.6066650390625,53.04893493652344
953,9520001,0.607470703125,53.06740951538086
954,9530001,0.607470703125,53.101829528808594
955,9540001,0.6082763671875,53.11236381530762
956,9550001,0.607470703125,53.14680862426758
957,9560001,0.6082763671875,53.15013122558594
958,9570001,0.6082763671875,53.183990478515625
959,9580001,0.6082763671875,53.20747184753418
960,9590001,0.6082763671875,53.23168182373047
961,9600001,0.6066650390625,53.26321029663086
962,9610001,0.6082763671875,53.27897071838379
963,9620001,0.6090820312499999,53.29500198364258
964,9630001,0.6082763671875,53.315176010131836
965,9640001,0.6082763671875,53.325130462646484
966,9650001,0.6082763671875,53.33863067626953
967,9660001,0.6082763671875,53.34478187561035
968,9670001,0.6082763671875,53.36111640930176
969,9680001,0.6082763671875,53.35976791381836
970,9690001,0.6066650390625,53.36821365356445
971,9700001,0.607470703125,53.37769317626953
972,9710001,0.6098876953125,53.3743782043457
973,9720001,0.6098876953125,53.382774353027344
974,9730001,0.607470703125,53.38369941711426
975,9740001,0.607470703125,53.37850761413574
976,9750001,0.607470703125,53.3807487487793
977,9760001,0.607470703125,53.36328887939453
978,9770001,0.6082763671875,53.36455535888672
979,9780001,0.6082763671875,53.35431098937988
980,9790001,0.607470703125,53.336076736450195
981,9800001,0.6082763671875,53.33115768432617
982,9810001,0.607470703125,53.315935134887695
983,9820001,0.6098876953125,53.30858039855957
984,9830001,0.607470703125,53.31044960021973
985,9840001,0.6082763671875,53.3005485534668
986,9850001,0.6098876953125,53.3056697845459
987,9860001,0.6082763671875,53.3010196685791
988,9870001,0.607470703125,53.30528259277344
989,9880001,0.607470703125,53.305498123168945
990,9890001,0.6082763671875,53.30375862121582
991,9900001,0.6066650390625,53.31247901916504
992,9910001,0.6082763671875,53.30977439880371
993,9920001,0.6082763671875,53.31132698059082
994,9930001,0.607470703125,53.31925964355469
995,9940001,0.610693359375,53.31160926818848
996,9950001,0.6090820312499999,53.31900978088379
997,9960001,0.6098876953125,53.31307029724121
998,9970001,0.607470703125,53.32592010498047
999,9980001,0.607470703125,53.322744369506836
1000,9990001,0.6090820312499999,53.32077598571777
1001,10000001,0.6082763671875,53.3250846862793
1002,10010001,0.6082763671875,53.322011947631836
1003,10020001,0.6082763671875,53.3209342956543
1004,10030001,0.6082763671875,53.3203067779541
1005,10040001,0.6082763671875,53.30890083312988
1006,10050001,0.607470703125,53.327091217041016
1007,10060001,0.6082763671875,53.3179988861084
1008,10070001,0.607470703125,53.315717697143555
1009,10080001,0.6082763671875,53.33719062805176
1010,10090001,0.607470703125,53.32888984680176
1011,10100001,0.605859375,53.338205337524414
1012,10110001,0.607470703125,53.33926582336426
1013,10120001,0.6066650390625,53.345272064208984
1014,10130001,0.607470703125,53.36169242858887
1015,10140001,0.6082763671875,53.35066795349121
1016,10150001,0.607470703125,53.359947204589844
1017,10160001,0.607470703125,53.34441947937012
1018,10170001,0.6114990234375,53.35023498535156
1019,10180001,0.6090820312499999,53.35005187988281
1020,10190001,0.607470703125,53.34382438659668
1021,10200001,0.605859375,53.355064392089844
1022,10210001,0.6082763671875,53.34686851501465
1023,10220001,0.6082763671875,53.34838676452637
1024,10230001,0.607470703125,53.35431480407715
1025,10240001,0.6090820312499999,53.35707473754883
1026,10250001,0.6066650390625,53.39200019836426
1027,10260001,0.607470703125,53.39640426635742
1028,10270001,0.6082763671875,53.405195236206055
1029,10280001,0.607470703125,53.40482521057129
1030,10290001,0.607470703125,53.413679122924805
1031,10300001,0.6082763671875,53.429443359375
1032,10310001,0.605859375,53.410451889038086
1033,10320001,0.607470703125,53.42360305786133
1034,10330001,0.607470703125,53.411476135253906
1035,10340001,0.6082763671875,53.43231010437012
1036,10350001,0.6090820312499999,53.43571662902832
1037,10360001,0.607470703125,53.436235427856445
1038,10370001,0.6090820312499999,53.438438415527344
1039,10380001,0.6082763671875,53.42078399658203
1040,10390001,0.6066650390625,53.43387985229492
1041,10400001,0.6082763671875,53.41872024536133
1042,10410001,0.6090820312499999,53.428232192993164
1043,10420001,0.6082763671875,53.42085838317871
1044,10430001,0.607470703125,53.432373046875
1045,10440001,0.6082763671875,53.4495735168457
1046,10450001,0.6082763671875,53.46843147277832
1047,10460001,0.6082763671875,53.48626708984375
1048,10470001,0.607470703125,53.513912200927734
1049,10480001,0.6098876953125,53.52976417541504
1050,10490001,0.6066650390625,53.55927276611328
1051,10500001,0.6066650390625,53.60209846496582
1052,10510001,0.6082763671875,53.62822341918945
1053,10520001,0.607470703125,53.65724182128906
1054,10530001,0.6066650390625,53.684587478637695
1055,10540001,0.6082763671875,53.71757125854492
1056,10550001,0.6098876953125,53.73112487792969
1057,10560001,0.607470703125,53.760581970214844
1058,10570001,0.6090820312499999,53.76901054382324
1059,10580001,0.6066650390625,53.797494888305664
1060,10590001,0.6090820312499999,53.82035255432129
1061,10600001,0.6082763671875,53.84311294555664
1062,10610001,0.6082763671875,53.87065124511719
1063,10620001,0.6066650390625,53.87149238586426
1064,10630001,0.6082763671875,53.88751411437988
1065,10640001,0.6066650390625,53.89182090759277
1066,10650001,0.6098876953125,53.89596366882324
1067,10660001,0.607470703125,53.9067325592041
1068,10670001,0.607470703125,53.89960289001465
1069,10680001,0.6082763671875,53.90576171875
1070,10690001,0.6090820312499999,53.89461898803711
1071,10700001,0.6098876953125,53.89028549194336
1072,10710001,0.6082763671875,53.89250564575195
1073,10720001,0.607470703125,53.89154815673828
1074,10730001,0.6066650390625,53.89541435241699
1075,10740001,0.6082763671875,53.889169692993164
1076,10750001,0.607470703125,53.89748191833496
1077,10760001,0.6098876953125,53.91422462463379
1078,10770001,0.6082763671875,53.921630859375
1079,10780001,0.607470703125,53.94026184082031
1080,10790001,0.6090820312499999,53.948251724243164
1081,10800001,0.607470703125,53.95883560180664
1082,10810001,0.6082763671875,53.97758102416992
1083,10820001,0.607470703125,53.97659111022949
1084,10830001,0.6082763671875,54.00018501281738
1085,10840001,0.6090820312499999,54.00711250305176
1086,10850001,0.6082763671875,54.01402282714844
1087,10860001,0.6082763671875,54.017635345458984
1088,10870001,0.6082763671875,54.03994178771973
1089,10880001,0.6098876953125,54.05824279785156
1090,10890001,0.607470703125,54.05710220336914
1091,10900001,0.607470703125,54.067420959472656
1092,10910001,0.6082763671875,54.072086334228516
1093,10920001,0.6082763671875,54.08443069458008
1094,10930001,0.6082763671875,54.10526084899902
1095,10940001,0.6082763671875,54.114301681518555
1096,10950001,0.6082763671875,54.12845420837402
1097,10960001,0.6082763671875,54.138912200927734
1098,10970001,0.607470703125,54.14988327026367
1099,10980001,0.6082763671875,54.160343170166016
1100,10990001,0.607470703125,54.16519737243652
1101,11000001,0.607470703125,54.184326171875
1102,11010001,0.6082763671875,54.183135986328125
1103,11020001,0.607470703125,54.20886039733887
1104,11030001,0.6066650390625,54.21872138977051
1105,11040001,0.6082763671875,54.22850036621094
1106,11050001,0.6082763671875,54.24811553955078
1107,11060001,0.607470703125,54.25967597961426
1108,11070001,0.6082763671875,54.286373138427734
1109,11080001,0.6082763671875,54.30966567993164
1110,11090001,0.607470703125,54.32217788696289
1111,11100001,0.6082763671875,54.355295181274414
1112,11110001,0.6082763671875,54.37104797363281
1113,11120001,0.607470703125,54.39923286437988
1114,11130001,0.6082763671875,54.42105484008789
1115,11140001,0.6082763671875,54.445451736450195
1116,11150001,0.6082763671875,54.46085739135742
1117,11160001,0.607470703125,54.48167610168457
1118,11170001,0.6082763671875,54.48551368713379
1119,11180001,0.607470703125,54.50146484375
1120,11190001,0.607470703125,54.518415451049805
1121,11200001,0.6090820312499999,54.507808685302734
1122,11210001,0.6082763671875,54.51271629333496
1123,11220001,0.607470703125,54.506113052368164
1124,11230001,0.6098876953125,54.51376533508301
1125,11240001,0.6066650390625,54.502092361450195
1126,11250001,0.6090820312499999,54.51440620422363
1127,11260001,0.6082763671875,54.505422592163086
1128,11270001,0.607470703125,54.49812126159668
1129,11280001,0.6082763671875,54.51320266723633
1130,11290001,0.607470703125,54.492448806762695
1131,11300001,0.607470703125,54.485679626464844
1132,11310001,0.6082763671875,54.484500885009766
1133,11320001,0.6082763671875,54.4797477722168
1134,11330001,0.6082763671875,54.489383697509766
1135,11340001,0.607470703125,54.49315643310547
1136,11350001,0.6082763671875,54.4962272644043
1137,11360001,0.6082763671875,54.503604888916016
1138,11370001,0.6082763671875,54.53185272216797
1139,11380001,0.607470703125,54.54212188720703
1140,11390001,0.6082763671875,54.53713798522949
1141,11400001,0.6082763671875,54.566110610961914
1142,11410001,0.6082763671875,54.57604217529297
1143,11420001,0.6082763671875,54.598480224609375
1144,11430001,0.607470703125,54.61550521850586
1145,11440001,0.607470703125,54.63381004333496
1146,11450001,0.6066650390625,54.64896583557129
1147,11460001,0.6082763671875,54.66438865661621
1148,11470001,0.607470703125,54.67209243774414
1149,11480001,0.6082763671875,54.67201805114746
1150,11490001,0.607470703125,54.67753791809082
1151,11500001,0.6082763671875,54.675315856933594
1152,11510001,0.6090820312499999,54.67999839782715
1153,11520001,0.6082763671875,54.689327239990234
1154,11530001,0.6098876953125,54.69373893737793
1155,11540001,0.607470703125,54.690650939941406
1156,11550001,0.6090820312499999,54.69622802734375
1157,11560001,0.6082763671875,54.71016883850098
1158,11570001,0.6082763671875,54.71141815185547
1159,11580001,0.6098876953125,54.73179054260254
1160,11590001,0.6082763671875,54.72216606140137
1161,11600001,0.6082763671875,54.75583839416504
1162,11610001,0.6066650390625,54.765724182128906
1163,11620001,0.6090820312499999,54.78359031677246
1164,11630001,0.6066650390625,54.79168701171875
1165,11640001,0.607470703125,54.80484580993652
1166,11650001,0.6090820312499999,54.82233428955078
1167,11660001,0.607470703125,54.81519317626953
1168,11670001,0.607470703125,54.83443832397461
1169,11680001,0.607470703125,54.84270095825195
1170,11690001,0.6090820312499999,54.85122489929199
1171,11700001,0.6082763671875,54.84627151489258
1172,11710001,0.607470703125,54.84344291687012
1173,11720001,0.6082763671875,54.849966049194336
1174,11730001,0.607470703125,54.85000991821289
1175,11740001,0.6066650390625,54.84756278991699
1176,11750001,0.6066650390625,54.85508918762207
1177,11760001,0.6066650390625,54.85249137878418
1178,11770001,0.6098876953125,54.844024658203125
1179,11780001,0.6082763671875,54.8536491394043
1180,11790001,0.607470703125,54.83858299255371
1181,11800001,0.607470703125,54.84819221496582
1182,11810001,0.6066650390625,54.853811264038086
1183,11820001,0.607470703125,54.854888916015625
1184,11830001,0.6082763671875,54.86226463317871
1185,11840001,0.6082763671875,54.85548400878906
1186,11850001,0.6082763671875,54.86416435241699
1187,11860001,0.607470703125,54.856571197509766
1188,11870001,0.607470703125,54.86337661743164
1189,11880001,0.6098876953125,54.86842155456543
1190,11890001,0.607470703125,54.883583068847656
1191,11900001,0.6066650390625,54.872514724731445
1192,11910001,0.6082763671875,54.886518478393555
1193,11920001,0.6082763671875,54.87258529663086
1194,11930001,0.6082763671875,54.87825393676758
1195,11940001,0.607470703125,54.86620330810547
1196,11950001,0.6082763671875,54.87621879577637
1197,11960001,0.610693359375,54.8574104309082
1198,11970001,0.6082763671875,54.8746452331543
1199,11980001,0.607470703125,54.8637752532959
1200,11990001,0.607470703125,54.875553131103516
1201,12000001,0.6066650390625,54.86322212219238
1202,12010001,0.6082763671875,54.871177673339844
1203,12020001,0.6082763671875,54.853933334350586
1204,12030001,0.607470703125,54.86787223815918
1205,12040001,0.6082763671875,54.868459701538086
1206,12050001,0.607470703125,54.8689022064209
1207,12060001,0.6098876953125,54.876068115234375
1208,12070001,0.607470703125,54.88562202453613
1209,12080001,0.6082763671875,54.8782958984375
1210,12090001,0.607470703125,54.88563919067383
1211,12100001,0.607470703125,54.8879451751709
1212,12110001,0.6066650390625,54.88681221008301
1213,12120001,0.607470703125,54.89511299133301
1214,12130001,0.6082763671875,54.8966121673584
1215,12140001,0.6082763671875,54.90063667297363
1216,12150001,0.6082763671875,54.89333915710449
1217,12160001,0.605859375,54.90100860595703
1218,12170001,0.6090820312499999,54.896644592285156
1219,12180001,0.6090820312499999,54.90492820739746
1220,12190001,0.607470703125,54.911827087402344
1221,12200001,0.6082763671875,54.92156791687012
1222,12210001,0.607470703125,54.91248893737793
1223,12220001,0.6082763671875,54.93269920349121
1224,12230001,0.6082763671875,54.93031692504883
1225,12240001,0.6066650390625,54.93311309814453
1226,12250001,0.607470703125,54.93108367919922
1227,12260001,0.6082763671875,54.93298149108887
1228,12270001,0.6082763671875,54.93348503112793
1229,12280001,0.6082763671875,54.936553955078125
1230,12290001,0.607470703125,54.938629150390625
1231,12300001,0.610693359375,54.945722579956055
1232,12310001,0.6090820312499999,54.931396484375
1233,12320001,0.6090820312499999,54.93258285522461
1234,12330001,0.6082763671875,54.933563232421875
1235,12340001,0.6066650390625,54.937177658081055
1236,12350001,0.6082763671875,54.9378719329834
1237,12360001,0.607470703125,54.93379020690918
1238,12370001,0.6082763671875,54.93928337097168
1239,12380001,0.6082763671875,54.940378189086914
1240,12390001,0.6082763671875,54.940786361694336
1241,12400001,0.6082763671875,54.94149398803711
1242,12410001,0.6082763671875,54.93564224243164
1243,12420001,0.6082763671875,54.94023323059082
1244,12430001,0.6082763671875,54.93899154663086
1245,12440001,0.6082763671875,54.945486068725586
1246,12450001,0.607470703125,54.94828414916992
1247,12460001,0.6082763671875,54.95013999938965
1248,12470001,0.6066650390625,54.951833724975586
1249,12480001,0.6082763671875,54.95768737792969
1250,12490001,0.6082763671875,54.95551681518555
1251,12500001,0.6090820312499999,54.964359283447266
1252,12510001,0.607470703125,54.9642333984375
1253,12520001,0.6090820312499999,54.964059829711914
1254,12530001,0.607470703125,54.97969627380371
1255,12540001,0.607470703125,54.97307205200195
1256,12550001,0.6082763671875,54.96791458129883
1257,12560001,0.6082763671875,54.969675064086914
1258,12570001,0.607470703125,54.97303581237793
1259,12580001,0.607470703125,54.977142333984375
1260,12590001,0.6066650390625,54.979103088378906
1261,12600001,0.607470703125,54.98122215270996
1262,12610001,0.6090820312499999,54.98054122924805
1263,12620001,0.605859375,54.98033142089844
1264,12630001,0.607470703125,54.988149642944336
1265,12640001,0.6066650390625,54.98724174499512
1266,12650001,0.6082763671875,54.999855041503906
1267,12660001,0.6082763671875,54.99572563171387
1268,12670001,0.6082763671875,54.996042251586914
1269,12680001,0.6082763671875,54.9999885559082
1270,12690001,0.6082763671875,55.00809288024902
1271,12700001,0.607470703125,54.99560546875
1272,12710001,0.6066650390625,55.00041389465332
1273,12720001,0.6082763671875,55.00693893432617
1274,12730001,0.6090820312499999,55.01344108581543
1275,12740001,0.6082763671875,55.012489318847656
1276,12750001,0.6082763671875,55.02169609069824
1277,12760001,0.6090820312499999,55.02118492126465
1278,12770001,0.6082763671875,55.026912689208984
1279,12780001,0.607470703125,55.02846145629883
1280,12790001,0.6082763671875,55.02906799316406
1281,12800001,0.6082763671875,55.032461166381836
1282,12810001,0.6082763671875,55.031904220581055
1283,12820001,0.6066650390625,55.04281425476074
1284,12830001,0.6090820312499999,55.0418643951416
1285,12840001,0.6082763671875,55.042564392089844
1286,12850001,0.607470703125,55.04340934753418
1287,12860001,0.6066650390625,55.05841064453125
1288,12870001,0.6082763671875,55.05400466918945
1289,12880001,0.6082763671875,55.053544998168945
1290,12890001,0.6082763671875,55.058156967163086
1291,12900001,0.6090820312499999,55.05300331115723
1292,12910001,0.6082763671875,55.05573844909668
1293,12920001,0.607470703125,55.05015182495117
1294,12930001,0.607470703125,55.05996894836426
1295,12940001,0.6090820312499999,55.05615043640137
1296,12950001,0.607470703125,55.05505180358887
1297,12960001,0.605859375,55.04767990112305
1298,12970001,0.6082763671875,55.03943061828613
1299,12980001,0.6090820312499999,55.04746055603027
1300,12990001,0.6090820312499999,55.03369331359863
1301,13000001,0.6082763671875,55.02178382873535
1302,13010001,0.6082763671875,55.01257514953613
1303,13020001,0.6082763671875,54.992116928100586
1304,13030001,0.607470703125,54.97296333312988
1305,13040001,0.6082763671875,54.94248390197754
1306,13050001,0.6082763671875,54.91389274597168
1307,13060001,0.6082763671875,54.85262870788574
1308,13070001,0.6082763671875,54.79449653625488
1309,13080001,0.607470703125,54.73013687133789
1310,13090001,0.607470703125,54.647979736328125
1311,13100001,0.6082763671875,54.56179428100586
1312,13110001,0.607470703125,54.46047019958496
1313,13120001,0.6082763671875,54.350412368774414
1314,13130001,0.6066650390625,54.2133903503418
1315,13140001,0.607470703125,54.06154823303223
1316,13150001,0.6082763671875,53.85432815551758
1317,13160001,0.6090820312499999,53.63134574890137
1318,13170001,0.6082763671875,53.42354774475098
1319,13180001,0.607470703125,53.24671745300293
1320,13190001,0.6082763671875,53.13599395751953
1321,13200001,0.607470703125,53.04880714416504
1322,13210001,0.6098876953125,52.99114418029785
1323,13220001,0.607470703125,52.93718910217285
1324,13230001,0.607470703125,52.892343521118164
1325,13240001,0.6082763671875,52.85292434692383
1326,13250001,0.607470703125,52.81638145446777
1327,13260001,0.6066650390625,52.77200889587402
1328,13270001,0.607470703125,52.749298095703125
1329,13280001,0.6090820312499999,52.7276725769043
1330,13290001,0.6090820312499999,52.697059631347656
1331,13300001,0.6082763671875,52.673828125
1332,13310001,0.6082763671875,52.65679740905762
1333,13320001,0.6098876953125,52.639326095581055
1334,13330001,0.6082763671875,52.611907958984375
1335,13340001,0.6090820312499999,52.59593963623047
1336,13350001,0.607470703125,52.58108711242676
1337,13360001,0.6066650390625,52.57699966430664
1338,13370001,0.6090820312499999,52.55661392211914
1339,13380001,0.607470703125,52.545204162597656
1340,13390001,0.607470703125,52.52052688598633
1341,13400001,0.6082763671875,52.514583587646484
1342,13410001,0.607470703125,52.490745544433594
1343,13420001,0.607470703125,52.491485595703125
1344,13430001,0.607470703125,52.47463035583496
1345,13440001,0.6098876953125,52.46774864196777
1346,13450001,0.607470703125,52.44630241394043
1347,13460001,0.607470703125,52.43790626525879
1348,13470001,0.607470703125,52.428611755371094
1349,13480001,0.607470703125,52.421085357666016
1350,13490001,0.6082763671875,52.41325569152832
1351,13500001,0.607470703125,52.3973331451416
1352,13510001,0.6082763671875,52.40106391906738
1353,13520001,0.6082763671875,52.381582260131836
1354,13530001,0.6082763671875,52.38035774230957
1355,13540001,0.6082763671875,52.36251258850098
1356,13550001,0.6090820312499999,52.36404800415039
1357,13560001,0.6082763671875,52.34287643432617
1358,13570001,0.6082763671875,52.34417915344238
1359,13580001,0.607470703125,52.33174514770508
1360,13590001,0.6082763671875,52.33646202087402
1361,13600001,0.607470703125,52.31906318664551
1362,13610001,0.6090820312499999,52.31474494934082
1363,13620001,0.6082763671875,52.30659484863281
1364,13630001,0.6050537109374999,52.30439376831055
1365,13640001,0.6082763671875,52.28752517700195
1366,13650001,0.6082763671875,52.295663833618164
1367,13660001,0.6082763671875,52.269588470458984
1368,13670001,0.6082763671875,52.27995300292969
1369,13680001,0.607470703125,52.264610290527344
1370,13690001,0.6090820312499999,52.26939582824707
1371,13700001,0.6066650390625,52.25225830078125
1372,13710001,0.607470703125,52.25339889526367
1373,13720001,0.6066650390625,52.23942947387695
1374,13730001,0.607470703125,52.2481803894043
1375,13740001,0.607470703125,52.23233413696289
1376,13750001,0.6098876953125,52.229135513305664
1377,13760001,0.6082763671875,52.22710418701172
1378,13770001,0.6090820312499999,52.221017837524414
1379,13780001,0.607470703125,52.210100173950195
1380,13790001,0.6082763671875,52.21537399291992
1381,13800001,0.6082763671875,52.21017837524414
1382,13810001,0.6066650390625,52.198116302490234
1383,13820001,0.6082763671875,52.199222564697266
1384,13830001,0.6066650390625,52.190284729003906
1385,13840001,0.607470703125,52.19432830810547
1386,13850001,0.607470703125,52.181434631347656
1387,13860001,0.607470703125,52.18282127380371
1388,13870001,0.6082763671875,52.178030014038086
1389,13880001,0.6066650390625,52.17776870727539
1390,13890001,0.6098876953125,52.163888931274414
1391,13900001,0.6066650390625,52.1729679107666
1392,13910001,0.607470703125,52.1555233001709
1393,13920001,0.6082763671875,52.155052185058594
1394,13930001,0.607470703125,52.158470153808594
1395,13940001,0.6066650390625,52.144474029541016
1396,13950001,0.6082763671875,52.15742492675781
1397,13960001,0.607470703125,52.13621139526367
1398,13970001,0.607470703125,52.13549613952637
1399,13980001,0.6082763671875,52.13846015930176
1400,13990001,0.6066650390625,52.134010314941406
1401,14000001,0.6098876953125,52.135650634765625
1402,14010001,0.6082763671875,52.1204776763916
1403,14020001,0.6066650390625,52.12605094909668
1404,14030001,0.6082763671875,52.12042236328125
1405,14040001,0.6082763671875,52.11530303955078
1406,14050001,0.6082763671875,52.11873817443848
1407,14060001,0.607470703125,52.110687255859375
1408,14070001,0.6082763671875,52.11479568481445
1409,14080001,0.607470703125,52.10203742980957
1410,14090001,0.6082763671875,52.102041244506836
1411,14100001,0.6066650390625,52.0987434387207
1412,14110001,0.604248046875,52.09523010253906
1413,14120001,0.607470703125,52.09021759033203
1414,14130001,0.607470703125,52.08473205566406
1415,14140001,0.607470703125,52.08916664123535
1416,14150001,0.607470703125,52.08863639831543
1417,14160001,0.6090820312499999,52.08222961425781
1418,14170001,0.607470703125,52.0820255279541
1419,14180001,0.6082763671875,52.07553672790527
1420,14190001,0.6082763671875,52.08357620239258
1421,14200001,0.6082763671875,52.06750679016113
1422,14210001,0.607470703125,52.07529640197754
1423,14220001,0.6082763671875,52.06888961791992
1424,14230001,0.607470703125,52.06727409362793
1425,14240001,0.6098876953125,52.05766677856445
1426,14250001,0.6066650390625,52.05870246887207
1427,14260001,0.6082763671875,52.05171775817871
1428,14270001,0.6082763671875,52.05986022949219
1429,14280001,0.607470703125,52.05532264709473
1430,14290001,0.607470703125,52.047542572021484
1431,14300001,0.6082763671875,52.049978256225586
1432,14310001,0.6066650390625,52.037513732910156
1433,14320001,0.6082763671875,52.03678321838379
1434,14330001,0.6082763671875,52.04579544067383
1435,14340001,0.6082763671875,52.03876876831055
1436,14350001,0.607470703125,52.04252624511719
1437,14360001,0.6082763671875,52.03127479553223
1438,14370001,0.6082763671875,52.040754318237305
1439,14380001,0.6098876953125,52.02888870239258
1440,14390001,0.6098876953125,52.02281951904297
1441,14400001,0.607470703125,52.030141830444336
1442,14410001,0.6090820312499999,52.01994705200195
1443,14420001,0.6082763671875,52.02170944213867
1444,14430001,0.6082763671875,52.017940521240234
1445,14440001,0.607470703125,52.02001190185547
1446,14450001,0.6098876953125,52.021087646484375
1447,14460001,0.6082763671875,52.007192611694336
1448,14470001,0.6090820312499999,52.01230430603027
1449,14480001,0.6066650390625,52.01217269897461
1450,14490001,0.6066650390625,52.00884246826172
1451,14500001,0.6082763671875,52.00234794616699
1452,14510001,0.6082763671875,52.00386428833008
1453,14520001,0.6066650390625,51.9982967376709
1454,14530001,0.6098876953125,51.9978141784668
1455,14540001,0.6098876953125,52.00059127807617
1456,14550001,0.6082763671875,51.99240303039551
1457,14560001,0.6090820312499999,51.99722671508789
1458,14570001,0.6066650390625,51.9885196685791
1459,14580001,0.6090820312499999,51.98773193359375
1460,14590001,0.6082763671875,51.9970588684082
1461,14600001,0.607470703125,51.9821720123291
1462,14610001,0.6066650390625,51.994314193725586
1463,14620001,0.6082763671875,51.9813232421875
1464,14630001,0.6082763671875,51.982337951660156
1465,14640001,0.607470703125,51.98166275024414
1466,14650001,0.6090820312499999,51.987213134765625
1467,14660001,0.607470703125,51.98348426818848
1468,14670001,0.6066650390625,51.980485916137695
1469,14680001,0.607470703125,51.981401443481445
1470,14690001,0.6082763671875,51.9740047454834
1471,14700001,0.6082763671875,51.975698471069336
1472,14710001,0.6090820312499999,51.97062110900879
1473,14720001,0.6090820312499999,51.969383239746094
1474,14730001,0.6082763671875,51.96418762207031
1475,14740001,0.6082763671875,51.9606990814209
1476,14750001,0.607470703125,51.96615028381348
1477,14760001,0.6090820312499999,51.95795440673828
1478,14770001,0.6082763671875,51.966238021850586
1479,14780001,0.607470703125,51.96847152709961
1480,14790001,0.6082763671875,51.95762825012207
1481,14800001,0.6082763671875,51.95853614807129
1482,14810001,0.6082763671875,51.94872856140137
1483,14820001,0.6082763671875,51.957603454589844
1484,14830001,0.607470703125,51.950265884399414
1485,14840001,0.6090820312499999,51.95031547546387
1486,14850001,0.6082763671875,51.953107833862305
1487,14860001,0.6098876953125,51.94405746459961
1488,14870001,0.6098876953125,51.94652557373047
1489,14880001,0.6082763671875,51.941776275634766
1490,14890001,0.6082763671875,51.950883865356445
1491,14900001,0.6082763671875,51.941444396972656
1492,14910001,0.607470703125,51.94100761413574
1493,14920001,0.6066650390625,51.94623947143555
1494,14930001,0.607470703125,51.938846588134766
1495,14940001,0.607470703125,51.93284034729004
1496,14950001,0.607470703125,51.93739318847656
1497,14960001,0.6082763671875,51.940582275390625
1498,14970001,0.6082763671875,51.93136215209961
1499,14980001,0.6098876953125,51.93472480773926
1500,14990001,0.607470703125,51.93068313598633
1501,15000001,0.6090820312499999,51.93071937561035
1502,15010001,0.607470703125,51.93698501586914
1503,15020001,0.607470703125,51.92393684387207
1504,15030001,0.6066650390625,51.93186950683594
1505,15040001,0.607470703125,51.927345275878906
1506,15050001,0.6090820312499999,51.92469787597656
1507,15060001,0.6082763671875,51.93296813964844
1508,15070001,0.6090820312499999,51.916893005371094
1509,15080001,0.607470703125,51.92103385925293
1510,15090001,0.6082763671875,51.91380310058594
1511,15100001,0.6082763671875,51.920209884643555
1512,15110001,0.6066650390625,51.91418266296387
1513,15120001,0.607470703125,51.91557693481445
1514,15130001,0.607470703125,51.918596267700195
1515,15140001,0.6082763671875,51.910091400146484
1516,15150001,0.6082763671875,51.91740798950195
1517,15160001,0.6098876953125,51.91518974304199
1518,15170001,0.607470703125,51.9161262512207
1519,15180001,0.6090820312499999,51.908267974853516
1520,15190001,0.6066650390625,51.91074752807617
1521,15200001,0.6082763671875,51.91249656677246
1522,15210001,0.6082763671875,51.89876747131348
1523,15220001,0.6090820312499999,51.91400718688965
1524,15230001,0.6098876953125,51.911319732666016
1525,15240001,0.6082763671875,51.888736724853516
1526,15250001,0.6090820312499999,51.897090911865234
1527,15260001,0.607470703125,51.895212173461914
1528,15270001,0.607470703125,51.9019660949707
1529,15280001,0.607470703125,51.90213966369629
1530,15290001,0.6066650390625,51.90112113952637
1531,15300001,0.607470703125,51.89053916931152
1532,15310001,0.607470703125,51.8974494934082
1533,15320001,0.6082763671875,51.89766883850098
1534,15330001,0.6082763671875,51.89561653137207
1535,15340001,0.6082763671875,51.888526916503906
1536,15350001,0.6090820312499999,51.884443283081055
1537,15360001,0.6082763671875,51.89541244506836
1538,15370001,0.607470703125,51.89085578918457
1539,15380001,0.607470703125,51.888423919677734
1540,15390001,0.6082763671875,51.89852333068848
1541,15400001,0.6082763671875,51.88548469543457
1542,15410001,0.6082763671875,51.89436721801758
1543,15420001,0.607470703125,51.87750434875488
1544,15430001,0.6082763671875,51.881675720214844
1545,15440001,0.6082763671875,51.88503837585449
1546,15450001,0.6082763671875,51.87919998168945
1547,15460001,0.6082763671875,51.88069725036621
1548,15470001,0.6090820312499999,51.88285827636719
1549,15480001,0.6066650390625,51.873159408569336
1550,15490001,0.6082763671875,51.872873306274414
1551,15500001,0.607470703125,51.88311576843262
1552,15510001,0.607470703125,51.870981216430664
1553,15520001,0.607470703125,51.87318801879883
1554,15530001,0.6098876953125,51.876848220825195
1555,15540001,0.607470703125,51.87644386291504
1556,15550001,0.607470703125,51.872507095336914
1557,15560001,0.6082763671875,51.8710823059082
1558,15570001,0.6082763671875,51.8706111907959
1559,15580001,0.6090820312499999,51.86708641052246
1560,15590001,0.6082763671875,51.87116050720215
1561,15600001,0.6090820312499999,51.86737251281738
1562,15610001,0.6082763671875,51.87678909301758
1563,15620001,0.607470703125,51.861284255981445
1564,15630001,0.6098876953125,51.864288330078125
1565,15640001,0.6090820312499999,51.864234924316406
1566,15650001,0.607470703125,51.85797882080078
1567,15660001,0.607470703125,51.866943359375
1568,15670001,0.6098876953125,51.860158920288086
1569,15680001,0.6082763671875,51.86202812194824
1570,15690001,0.6082763671875,51.8536491394043
1571,15700001,0.6082763671875,51.853641510009766
1572,15710001,0.6090820312499999,51.86146545410156
1573,15720001,0.6066650390625,51.854135513305664
1574,15730001,0.6090820312499999,51.85637855529785
1575,15740001,0.607470703125,51.85126304626465
1576,15750001,0.607470703125,51.85867691040039
1577,15760001,0.607470703125,51.85031318664551
1578,15770001,0.6082763671875,51.853315353393555
1579,15780001,0.6082763671875,51.85429382324219
1580,15790001,0.6098876953125,51.84807586669922
1581,15800001,0.6082763671875,51.85283660888672
1582,15810001,0.607470703125,51.84618377685547
1583,15820001,0.6082763671875,51.843074798583984
1584,15830001,0.607470703125,51.85333251953125
1585,15840001,0.6082763671875,51.84489822387695
1586,15850001,0.6082763671875,51.856163024902344
1587,15860001,0.6098876953125,51.84016036987305
1588,15870001,0.6082763671875,51.845746994018555
1589,15880001,0.6090820312499999,51.839040756225586
1590,15890001,0.6090820312499999,51.84343719482422
1591,15900001,0.6082763671875,51.84425354003906
1592,15910001,0.6066650390625,51.83718490600586
1593,15920001,0.605859375,51.840972900390625
1594,15930001,0.607470703125,51.837318420410156
1595,15940001,0.6082763671875,51.84036064147949
1596,15950001,0.6098876953125,51.83615303039551
1597,15960001,0.6082763671875,51.8300838470459
1598,15970001,0.6082763671875,51.835548400878906
1599,15980001,0.6082763671875,51.83905792236328
1600,15990001,0.6098876953125,51.82662773132324
1601,16000001,0.610693359375,51.835073471069336
1602,16010001,0.607470703125,51.83012580871582
1603,16020001,0.6066650390625,51.83138656616211
1604,16030001,0.6066650390625,51.83658981323242
1605,16040001,0.6082763671875,51.82962226867676
1606,16050001,0.6082763671875,51.82964324951172
1607,16060001,0.6082763671875,51.83754348754883
1608,16070001,0.607470703125,51.82350158691406
1609,16080001,0.6082763671875,51.835832595825195
1610,16090001,0.6082763671875,51.82167434692383
1611,16100001,0.6082763671875,51.82876396179199
1612,16110001,0.6066650390625,51.82036781311035
1613,16120001,0.607470703125,51.82200813293457
1614,16130001,0.6090820312499999,51.83186149597168
1615,16140001,0.6082763671875,51.81827735900879
1616,16150001,0.6082763671875,51.82934761047363
1617,16160001,0.6066650390625,51.822011947631836
1618,16170001,0.6082763671875,51.822120666503906
1619,16180001,0.6090820312499999,51.82805252075195
1620,16190001,0.6082763671875,51.813236236572266
1621,16200001,0.605859375,51.81759262084961
1622,16210001,0.6090820312499999,51.81399154663086
1623,16220001,0.6082763671875,51.81233787536621
1624,16230001,0.6082763671875,51.82000923156738
1625,16240001,0.6090820312499999,51.8194465637207
1626,16250001,0.6066650390625,51.81889724731445
1627,16260001,0.6082763671875,51.82130813598633
1628,16270001,0.607470703125,51.80654335021973
1629,16280001,0.6090820312499999,51.81945991516113
1630,16290001,0.6082763671875,51.81652641296387
1631,16300001,0.6082763671875,51.811676025390625
1632,16310001,0.6082763671875,51.817291259765625
1633,16320001,0.6082763671875,51.81143379211426
1634,16330001,0.6082763671875,51.81196403503418
1635,16340001,0.6090820312499999,51.81662940979004
1636,16350001,0.6082763671875,51.810922622680664
1637,16360001,0.6082763671875,51.81051445007324
1638,16370001,0.6082763671875,51.8092155456543
1639,16380001,0.607470703125,51.80340003967285
1640,16390001,0.6090820312499999,51.812700271606445
1641,16400001,0.607470703125,51.802188873291016
1642,16410001,0.607470703125,51.8120174407959
1643,16420001,0.607470703125,51.809553146362305
1644,16430001,0.6082763671875,51.79810905456543
1645,16440001,0.6082763671875,51.80336380004883
1646,16450001,0.6082763671875,51.80690574645996
1647,16460001,0.6082763671875,51.80539321899414
1648,16470001,0.6090820312499999,51.801801681518555
1649,16480001,0.6082763671875,51.79941368103027
1650,16490001,0.6082763671875,51.80122756958008
1651,16500001,0.607470703125,51.80252265930176
1652,16510001,0.6066650390625,51.79667282104492
1653,16520001,0.6090820312499999,51.79972839355469
1654,16530001,0.6082763671875,51.794633865356445
1655,16540001,0.6082763671875,51.7935733795166
1656,16550001,0.607470703125,51.79459762573242
1657,16560001,0.6066650390625,51.7927188873291
1658,16570001,0.6090820312499999,51.79412269592285
1659,16580001,0.6082763671875,51.80463790893555
1660,16590001,0.6082763671875,51.79005432128906
1661,16600001,0.6082763671875,51.79926872253418
1662,16610001,0.607470703125,51.79002571105957
1663,16620001,0.6082763671875,51.796329498291016
1664,16630001,0.6082763671875,51.79726028442383
1665,16640001,0.6066650390625,51.78584671020508
1666,16650001,0.607470703125,51.78803253173828
1667,16660001,0.6082763671875,51.78970909118652
1668,16670001,0.6090820312499999,51.789072036743164
1669,16680001,0.6098876953125,51.7887020111084
1670,16690001,0.607470703125,51.78021812438965
1671,16700001,0.607470703125,51.79989242553711
1672,16710001,0.607470703125,51.79229927062988
1673,16720001,0.6098876953125,51.77946472167969
1674,16730001,0.6082763671875,51.791608810424805
1675,16740001,0.6082763671875,51.78851890563965
1676,16750001,0.6098876953125,51.78111267089844
1677,16760001,0.607470703125,51.78158378601074
1678,16770001,0.6082763671875,51.784664154052734
1679,16780001,0.607470703125,51.78232383728027
1680,16790001,0.607470703125,51.784406661987305
1681,16800001,0.6082763671875,51.7874813079834
1682,16810001,0.6082763671875,51.77974891662598
1683,16820001,0.6082763671875,51.773929595947266
1684,16830001,0.6082763671875,51.78083038330078
1685,16840001,0.6082763671875,51.776113510131836
1686,16850001,0.6082763671875,51.77234649658203
1687,16860001,0.6082763671875,51.78425598144531
1688,16870001,0.6066650390625,51.775760650634766
1689,16880001,0.6090820312499999,51.77584457397461
1690,16890001,0.6082763671875,51.779069900512695
1691,16900001,0.607470703125,51.76777648925781
1692,16910001,0.607470703125,51.78140068054199
1693,16920001,0.6090820312499999,51.778690338134766
1694,16930001,0.607470703125,51.775718688964844
1695,16940001,0.6082763671875,51.779130935668945
1696,16950001,0.6082763671875,51.77249717712402
1697,16960001,0.6082763671875,51.77626037597656
1698,16970001,0.6082763671875,51.77173042297363
1699,16980001,0.610693359375,51.76782989501953
1700,16990001,0.607470703125,51.77639389038086
1701,17000001,0.6098876953125,51.7683048248291
1702,17010001,0.6082763671875,51.7653694152832
1703,17020001,0.6082763671875,51.770565032958984
1704,17030001,0.607470703125,51.76709747314453
1705,17040001,0.6066650390625,51.76558303833008
1706,17050001,0.6082763671875,51.77208137512207
1707,17060001,0.607470703125,51.761735916137695
1708,17070001,0.6090820312499999,51.77584457397461
1709,17080001,0.610693359375,51.77094841003418
1710,17090001,0.607470703125,51.76026153564453
1711,17100001,0.607470703125,51.763309478759766
1712,17110001,0.6082763671875,51.76805114746094
1713,17120001,0.6082763671875,51.765241622924805
1714,17130001,0.6082763671875,51.76719093322754
1715,17140001,0.607470703125,51.75040626525879
1716,17150001,0.6098876953125,51.76907157897949
1717,17160001,0.607470703125,51.770931243896484
1718,17170001,0.6090820312499999,51.76316452026367
1719,17180001,0.6066650390625,51.76711082458496
1720,17190001,0.607470703125,51.75928497314453
1721,17200001,0.607470703125,51.76099967956543
1722,17210001,0.610693359375,51.76595687866211
